collection_date,week,player_id,player_name,player_name_kr,team,league,position,weekly_matches,weekly_minutes,weekly_goals,weekly_assists,weekly_avg_rating,weekly_mvp_score,season_matches,season_goals,season_assists,season_avg_rating,season_yellow_cards,season_red_cards,recent_matches_json,is_injured,injury_status,injury_expected_return,on_loan,contract_end,fotmob_url
2025-11-18T06:47:02.007Z,2025-11-18,212867,Heung-Min Son,손흥민,Los Angeles FC,Major League Soccer,Left Winger,1,76,1,0,7.9,12.24,12,10,3,8.25,0,0,"[{""date"":""2025-11-14T12:00:00.000Z"",""opponent"":""Bolivia"",""result"":""2-0"",""is_home"":true,""minutes"":76,""goals"":1,""assists"":0,""rating"":""7.9"",""is_motm"":true},{""date"":""2025-11-03T02:45:00.000Z"",""opponent"":""Austin FC"",""result"":""1-4"",""is_home"":false,""minutes"":88,""goals"":1,""assists"":1,""rating"":""8.7"",""is_motm"":false},{""date"":""2025-10-30T03:30:00.000Z"",""opponent"":""Austin FC"",""result"":""2-1"",""is_home"":true,""minutes"":89,""goals"":0,""assists"":0,""rating"":""7.9"",""is_motm"":false},{""date"":""2025-10-19T03:00:00.000Z"",""opponent"":""Colorado Rapids"",""result"":""2-2"",""is_home"":false,""minutes"":76,""goals"":1,""assists"":0,""rating"":""8.3"",""is_motm"":true},{""date"":""2025-10-14T13:00:00.000Z"",""opponent"":""Paraguay"",""result"":""2-0"",""is_home"":true,""minutes"":45,""goals"":0,""assists"":0,""rating"":""6.1"",""is_motm"":false},{""date"":""2025-10-10T13:00:00.000Z"",""opponent"":""Brazil"",""result"":""0-5"",""is_home"":true,""minutes"":63,""goals"":0,""assists"":0,""rating"":""5.6"",""is_motm"":false},{""date"":""2025-10-06T03:00:00.000Z"",""opponent"":""Atlanta United"",""result"":""1-0"",""is_home"":true,""minutes"":90,""goals"":0,""assists"":0,""rating"":""7.5"",""is_motm"":false},{""date"":""2025-09-28T02:30:00.000Z"",""opponent"":""St. Louis City"",""result"":""0-3"",""is_home"":false,""minutes"":90,""goals"":2,""assists"":0,""rating"":""8.9"",""is_motm"":true},{""date"":""2025-09-22T03:00:00.000Z"",""opponent"":""Real Salt Lake"",""result"":""4-1"",""is_home"":true,""minutes"":85,""goals"":1,""assists"":1,""rating"":""9.1"",""is_motm"":false},{""date"":""2025-09-18T03:30:00.000Z"",""opponent"":""Real Salt Lake"",""result"":""1-4"",""is_home"":false,""minutes"":86,""goals"":3,""assists"":0,""rating"":""9.7"",""is_motm"":true}]",No,,,No,2027-12-31,https://www.fotmob.com/players/212867
2025-11-18T06:47:16.910Z,2025-11-18,940976,Kang-In Lee,이강인,Paris Saint-Germain,Ligue 1,Right Winger,1,85,0,0,7.4,8.34,10,0,1,7.1,2,0,"[{""date"":""2025-11-14T12:00:00.000Z"",""opponent"":""Bolivia"",""result"":""2-0"",""is_home"":true,""minutes"":85,""goals"":0,""assists"":0,""rating"":""7.4"",""is_motm"":false},{""date"":""2025-11-09T20:45:00.000Z"",""opponent"":""Lyon"",""result"":""2-3"",""is_home"":false,""minutes"":90,""goals"":0,""assists"":1,""rating"":""7.9"",""is_motm"":false},{""date"":""2025-11-04T21:00:00.000Z"",""opponent"":""Bayern München"",""result"":""1-2"",""is_home"":true,""minutes"":65,""goals"":0,""assists"":0,""rating"":""7.8"",""is_motm"":false},{""date"":""2025-11-01T17:00:00.000Z"",""opponent"":""Nice"",""result"":""1-0"",""is_home"":true,""minutes"":24,""goals"":0,""assists"":0,""rating"":""6.4"",""is_motm"":false},{""date"":""2025-10-25T17:00:00.000Z"",""opponent"":""Brest"",""result"":""0-3"",""is_home"":false,""minutes"":67,""goals"":0,""assists"":0,""rating"":""6.3"",""is_motm"":false},{""date"":""2025-10-21T21:00:00.000Z"",""opponent"":""Bayer Leverkusen"",""result"":""2-7"",""is_home"":false,""minutes"":27,""goals"":0,""assists"":0,""rating"":""6.5"",""is_motm"":false},{""date"":""2025-10-17T20:45:00.000Z"",""opponent"":""Strasbourg"",""result"":""3-3"",""is_home"":true,""minutes"":90,""goals"":0,""assists"":0,""rating"":""7.7"",""is_motm"":false},{""date"":""2025-10-14T13:00:00.000Z"",""opponent"":""Paraguay"",""result"":""2-0"",""is_home"":true,""minutes"":45,""goals"":0,""assists"":1,""rating"":""7.6"",""is_motm"":false},{""date"":""2025-10-10T13:00:00.000Z"",""opponent"":""Brazil"",""result"":""0-5"",""is_home"":true,""minutes"":81,""goals"":0,""assists"":0,""rating"":""6.8"",""is_motm"":false},{""date"":""2025-10-05T20:45:00.000Z"",""opponent"":""Lille"",""result"":""1-1"",""is_home"":false,""minutes"":90,""goals"":0,""assists"":0,""rating"":""7.1"",""is_motm"":false}]",No,,,No,2028-06-30,https://www.fotmob.com/players/940976
2025-11-18T06:47:08.638Z,2025-11-18,828159,Min-Jae Kim,김민재,Bayern München,Bundesliga,Center Back,1,90,0,0,7.4,8.4,5,0,1,7.64,0,0,"[{""date"":""2025-11-14T12:00:00.000Z"",""opponent"":""Bolivia"",""result"":""2-0"",""is_home"":true,""minutes"":90,""goals"":0,""assists"":0,""rating"":""7.4"",""is_motm"":false},{""date"":""2025-11-08T15:30:00.000Z"",""opponent"":""Union Berlin"",""result"":""2-2"",""is_home"":false,""minutes"":0,""goals"":0,""assists"":0,""rating"":null,""is_motm"":false},{""date"":""2025-11-04T21:00:00.000Z"",""opponent"":""Paris Saint-Germain"",""result"":""1-2"",""is_home"":false,""minutes"":9,""goals"":0,""assists"":0,""rating"":null,""is_motm"":false},{""date"":""2025-11-01T18:30:00.000Z"",""opponent"":""Bayer Leverkusen"",""result"":""3-0"",""is_home"":true,""minutes"":90,""goals"":0,""assists"":0,""rating"":""7.7"",""is_motm"":false},{""date"":""2025-10-29T20:45:00.000Z"",""opponent"":""1. FC Köln"",""result"":""1-4"",""is_home"":false,""minutes"":0,""goals"":0,""assists"":0,""rating"":null,""is_motm"":false},{""date"":""2025-10-25T15:45:00.000Z"",""opponent"":""Borussia Mönchengladbach"",""result"":""0-3"",""is_home"":false,""minutes"":90,""goals"":0,""assists"":0,""rating"":""7.8"",""is_motm"":false},{""date"":""2025-10-22T21:00:00.000Z"",""opponent"":""Club Brugge"",""result"":""4-0"",""is_home"":true,""minutes"":9,""goals"":0,""assists"":0,""rating"":null,""is_motm"":false},{""date"":""2025-10-18T18:30:00.000Z"",""opponent"":""Borussia Dortmund"",""result"":""2-1"",""is_home"":true,""minutes"":1,""goals"":0,""assists"":0,""rating"":null,""is_motm"":false},{""date"":""2025-10-14T13:00:00.000Z"",""opponent"":""Paraguay"",""result"":""2-0"",""is_home"":true,""minutes"":90,""goals"":0,""assists"":0,""rating"":""7.6"",""is_motm"":false},{""date"":""2025-10-10T13:00:00.000Z"",""opponent"":""Brazil"",""result"":""0-5"",""is_home"":true,""minutes"":63,""goals"":0,""assists"":0,""rating"":""4.1"",""is_motm"":false}]",No,,,No,2028-06-30,https://www.fotmob.com/players/828159
2025-11-18T06:47:23.586Z,2025-11-18,620026,Hee-Chan Hwang,황희찬,Wolverhampton Wanderers,Premier League,Left Winger,1,76,0,0,7.7,8.54,8,1,0,6.42,0,0,"[{""date"":""2025-11-14T12:00:00.000Z"",""opponent"":""Bolivia"",""result"":""2-0"",""is_home"":true,""minutes"":76,""goals"":0,""assists"":0,""rating"":""7.7"",""is_motm"":false},{""date"":""2025-11-08T21:00:00.000Z"",""opponent"":""Chelsea"",""result"":""3-0"",""is_home"":false,""minutes"":70,""goals"":0,""assists"":0,""rating"":""6.2"",""is_motm"":false},{""date"":""2025-11-01T16:00:00.000Z"",""opponent"":""Fulham"",""result"":""3-0"",""is_home"":false,""minutes"":0,""goals"":0,""assists"":0,""rating"":null,""is_motm"":false},{""date"":""2025-10-29T20:45:00.000Z"",""opponent"":""Chelsea"",""result"":""3-4"",""is_home"":true,""minutes"":68,""goals"":0,""assists"":1,""rating"":""7.5"",""is_motm"":false},{""date"":""2025-10-26T15:00:00.000Z"",""opponent"":""Burnley"",""result"":""2-3"",""is_home"":true,""minutes"":22,""goals"":0,""assists"":0,""rating"":""6.2"",""is_motm"":false},{""date"":""2025-10-14T13:00:00.000Z"",""opponent"":""Paraguay"",""result"":""2-0"",""is_home"":true,""minutes"":0,""goals"":0,""assists"":0,""rating"":null,""is_motm"":false},{""date"":""2025-10-10T13:00:00.000Z"",""opponent"":""Brazil"",""result"":""0-5"",""is_home"":true,""minutes"":0,""goals"":0,""assists"":0,""rating"":null,""is_motm"":false},{""date"":""2025-10-05T15:00:00.000Z"",""opponent"":""Brighton & Hove Albion"",""result"":""1-1"",""is_home"":true,""minutes"":60,""goals"":0,""assists"":0,""rating"":""6.9"",""is_motm"":false},{""date"":""2025-09-27T21:00:00.000Z"",""opponent"":""Tottenham Hotspur"",""result"":""1-1"",""is_home"":false,""minutes"":45,""goals"":0,""assists"":0,""rating"":""6.8"",""is_motm"":false},{""date"":""2025-09-23T20:45:00.000Z"",""opponent"":""Everton"",""result"":""2-0"",""is_home"":true,""minutes"":68,""goals"":0,""assists"":0,""rating"":""7.0"",""is_motm"":false}]",No,,,No,2028-06-30,https://www.fotmob.com/players/620026
2025-11-18T06:47:31.689Z,2025-11-18,623698,In-Beom Hwang,황인범,Feyenoord,Eredivisie,Central Midfielder,0,0,0,0,0,0,5,0,1,6.93,0,0,"[{""date"":""2025-11-01T20:00:00.000Z"",""opponent"":""FC Volendam"",""result"":""3-1"",""is_home"":true,""minutes"":33,""goals"":0,""assists"":1,""rating"":""7.3"",""is_motm"":false},{""date"":""2025-10-26T14:30:00.000Z"",""opponent"":""PSV Eindhoven"",""result"":""2-3"",""is_home"":true,""minutes"":45,""goals"":0,""assists"":0,""rating"":""6.5"",""is_motm"":false},{""date"":""2025-10-23T21:00:00.000Z"",""opponent"":""Panathinaikos"",""result"":""3-1"",""is_home"":true,""minutes"":45,""goals"":0,""assists"":0,""rating"":""7.2"",""is_motm"":false},{""date"":""2025-10-19T16:45:00.000Z"",""opponent"":""Heracles"",""result"":""0-7"",""is_home"":false,""minutes"":0,""goals"":0,""assists"":0,""rating"":null,""is_motm"":false},{""date"":""2025-10-14T13:00:00.000Z"",""opponent"":""Paraguay"",""result"":""2-0"",""is_home"":true,""minutes"":66,""goals"":0,""assists"":0,""rating"":""7.1"",""is_motm"":false},{""date"":""2025-10-10T13:00:00.000Z"",""opponent"":""Brazil"",""result"":""0-5"",""is_home"":true,""minutes"":45,""goals"":0,""assists"":0,""rating"":""6.0"",""is_motm"":false},{""date"":""2025-10-05T14:30:00.000Z"",""opponent"":""FC Utrecht"",""result"":""3-2"",""is_home"":true,""minutes"":20,""goals"":0,""assists"":0,""rating"":""6.8"",""is_motm"":false},{""date"":""2025-10-02T21:00:00.000Z"",""opponent"":""Aston Villa"",""result"":""0-2"",""is_home"":true,""minutes"":45,""goals"":0,""assists"":0,""rating"":""6.4"",""is_motm"":false},{""date"":""2025-09-28T14:30:00.000Z"",""opponent"":""FC Groningen"",""result"":""0-1"",""is_home"":false,""minutes"":1,""goals"":0,""assists"":0,""rating"":null,""is_motm"":false},{""date"":""2025-09-24T21:00:00.000Z"",""opponent"":""Braga"",""result"":""1-0"",""is_home"":false,""minutes"":0,""goals"":0,""assists"":0,""rating"":null,""is_motm"":false}]",Yes,Injured,Doubtful,No,2028-06-30,https://www.fotmob.com/players/623698
2025-11-18T06:47:39.374Z,2025-11-18,1386482,Bae Jun-Ho,배준호,Stoke City,Championship,Left Winger,1,30,0,0,6.7,7.03,13,0,1,6.84,0,0,"[{""date"":""2025-11-14T12:00:00.000Z"",""opponent"":""Bolivia"",""result"":""2-0"",""is_home"":true,""minutes"":30,""goals"":0,""assists"":0,""rating"":""6.7"",""is_motm"":false},{""date"":""2025-11-08T16:00:00.000Z"",""opponent"":""Coventry City"",""result"":""0-1"",""is_home"":true,""minutes"":90,""goals"":0,""assists"":0,""rating"":""6.9"",""is_motm"":false},{""date"":""2025-11-04T20:45:00.000Z"",""opponent"":""Oxford United"",""result"":""0-3"",""is_home"":false,""minutes"":27,""goals"":0,""assists"":0,""rating"":""6.6"",""is_motm"":false},{""date"":""2025-11-01T16:00:00.000Z"",""opponent"":""Bristol City"",""result"":""5-1"",""is_home"":true,""minutes"":90,""goals"":0,""assists"":0,""rating"":""6.6"",""is_motm"":false},{""date"":""2025-10-25T13:30:00.000Z"",""opponent"":""Portsmouth"",""result"":""0-1"",""is_home"":false,""minutes"":71,""goals"":0,""assists"":0,""rating"":""6.7"",""is_motm"":false},{""date"":""2025-10-04T13:30:00.000Z"",""opponent"":""Blackburn Rovers"",""result"":""1-1"",""is_home"":false,""minutes"":81,""goals"":0,""assists"":0,""rating"":""8.0"",""is_motm"":false},{""date"":""2025-09-30T20:45:00.000Z"",""opponent"":""Middlesbrough"",""result"":""0-0"",""is_home"":false,""minutes"":90,""goals"":0,""assists"":0,""rating"":""7.1"",""is_motm"":false},{""date"":""2025-09-27T16:00:00.000Z"",""opponent"":""Norwich City"",""result"":""1-1"",""is_home"":true,""minutes"":90,""goals"":0,""assists"":0,""rating"":""6.7"",""is_motm"":false},{""date"":""2025-09-20T13:30:00.000Z"",""opponent"":""Queens Park Rangers"",""result"":""1-0"",""is_home"":false,""minutes"":35,""goals"":0,""assists"":0,""rating"":""5.8"",""is_motm"":false},{""date"":""2025-09-13T16:00:00.000Z"",""opponent"":""Birmingham City"",""result"":""1-0"",""is_home"":true,""minutes"":19,""goals"":0,""assists"":0,""rating"":""6.5"",""is_motm"":false}]",No,,,No,,https://www.fotmob.com/players/1386482
2025-11-18T06:47:47.281Z,2025-11-18,1609329,Min-Hyeok Yang,양민혁,Portsmouth,Championship,Left Winger,1,5,0,0,0,0.06,9,2,1,6.53,2,0,"[{""date"":""2025-11-14T12:00:00.000Z"",""opponent"":""Bolivia"",""result"":""2-0"",""is_home"":true,""minutes"":5,""goals"":0,""assists"":0,""rating"":null,""is_motm"":false},{""date"":""2025-11-08T13:30:00.000Z"",""opponent"":""Hull City"",""result"":""3-2"",""is_home"":false,""minutes"":7,""goals"":0,""assists"":0,""rating"":null,""is_motm"":false},{""date"":""2025-11-05T21:00:00.000Z"",""opponent"":""Wrexham"",""result"":""0-0"",""is_home"":true,""minutes"":0,""goals"":0,""assists"":0,""rating"":null,""is_motm"":false},{""date"":""2025-11-01T16:00:00.000Z"",""opponent"":""Birmingham City"",""result"":""4-0"",""is_home"":false,""minutes"":53,""goals"":0,""assists"":0,""rating"":""5.8"",""is_motm"":false},{""date"":""2025-10-25T13:30:00.000Z"",""opponent"":""Stoke City"",""result"":""0-1"",""is_home"":true,""minutes"":67,""goals"":0,""assists"":0,""rating"":""5.8"",""is_motm"":false},{""date"":""2025-10-21T20:45:00.000Z"",""opponent"":""Coventry City"",""result"":""1-2"",""is_home"":true,""minutes"":64,""goals"":0,""assists"":0,""rating"":""6.3"",""is_motm"":false},{""date"":""2025-10-18T20:45:00.000Z"",""opponent"":""Leicester City"",""result"":""1-1"",""is_home"":false,""minutes"":74,""goals"":0,""assists"":1,""rating"":""7.7"",""is_motm"":false},{""date"":""2025-10-04T16:00:00.000Z"",""opponent"":""Middlesbrough"",""result"":""1-0"",""is_home"":true,""minutes"":78,""goals"":1,""assists"":0,""rating"":""7.7"",""is_motm"":false},{""date"":""2025-10-01T20:45:00.000Z"",""opponent"":""Watford"",""result"":""2-2"",""is_home"":true,""minutes"":63,""goals"":1,""assists"":0,""rating"":""7.6"",""is_motm"":false},{""date"":""2025-09-27T16:00:00.000Z"",""opponent"":""Ipswich Town"",""result"":""2-1"",""is_home"":false,""minutes"":74,""goals"":0,""assists"":0,""rating"":""5.9"",""is_motm"":false}]",No,,,Yes,2030-06-30,https://www.fotmob.com/players/1609329
2025-11-18T06:47:53.995Z,2025-11-18,523749,Jae-Sung Lee,이재성,Mainz 05,Bundesliga,Attacking Midfielder,1,60,0,0,6.7,7.37,8,1,0,6.42,1,0,"[{""date"":""2025-11-14T12:00:00.000Z"",""opponent"":""Bolivia"",""result"":""2-0"",""is_home"":true,""minutes"":60,""goals"":0,""assists"":0,""rating"":""6.7"",""is_motm"":false},{""date"":""2025-11-09T19:30:00.000Z"",""opponent"":""Eintracht Frankfurt"",""result"":""1-0"",""is_home"":false,""minutes"":90,""goals"":0,""assists"":0,""rating"":""6.5"",""is_motm"":false},{""date"":""2025-11-06T18:45:00.000Z"",""opponent"":""Fiorentina"",""result"":""2-1"",""is_home"":true,""minutes"":30,""goals"":1,""assists"":1,""rating"":""8.0"",""is_motm"":false},{""date"":""2025-11-01T15:30:00.000Z"",""opponent"":""Werder Bremen"",""result"":""1-1"",""is_home"":true,""minutes"":89,""goals"":0,""assists"":0,""rating"":""6.7"",""is_motm"":false},{""date"":""2025-10-29T18:00:00.000Z"",""opponent"":""VfB Stuttgart"",""result"":""0-2"",""is_home"":true,""minutes"":60,""goals"":0,""assists"":0,""rating"":""6.7"",""is_motm"":false},{""date"":""2025-10-26T17:30:00.000Z"",""opponent"":""VfB Stuttgart"",""result"":""2-1"",""is_home"":false,""minutes"":87,""goals"":0,""assists"":0,""rating"":""6.7"",""is_motm"":false},{""date"":""2025-10-23T21:00:00.000Z"",""opponent"":""Zrinjski Mostar"",""result"":""1-0"",""is_home"":true,""minutes"":1,""goals"":0,""assists"":0,""rating"":null,""is_motm"":false},{""date"":""2025-10-18T15:30:00.000Z"",""opponent"":""Bayer Leverkusen"",""result"":""3-4"",""is_home"":true,""minutes"":81,""goals"":1,""assists"":0,""rating"":""6.6"",""is_motm"":false},{""date"":""2025-10-14T13:00:00.000Z"",""opponent"":""Paraguay"",""result"":""2-0"",""is_home"":true,""minutes"":24,""goals"":0,""assists"":0,""rating"":""6.1"",""is_motm"":false},{""date"":""2025-10-10T13:00:00.000Z"",""opponent"":""Brazil"",""result"":""0-5"",""is_home"":true,""minutes"":63,""goals"":0,""assists"":0,""rating"":""6.1"",""is_motm"":false}]",No,,,No,2026-06-30,https://www.fotmob.com/players/523749
2025-11-18T06:48:00.838Z,2025-11-18,1026781,Gue-Sung Cho,조규성,FC Midtjylland,Superligaen,Attacking Midfielder,1,14,1,0,6.9,9.06,10,3,0,6.53,1,0,"[{""date"":""2025-11-14T12:00:00.000Z"",""opponent"":""Bolivia"",""result"":""2-0"",""is_home"":true,""minutes"":14,""goals"":1,""assists"":0,""rating"":""6.9"",""is_motm"":false},{""date"":""2025-11-09T16:00:00.000Z"",""opponent"":""Randers FC"",""result"":""0-2"",""is_home"":false,""minutes"":45,""goals"":0,""assists"":0,""rating"":""6.1"",""is_motm"":false},{""date"":""2025-11-06T18:45:00.000Z"",""opponent"":""Celtic"",""result"":""3-1"",""is_home"":true,""minutes"":90,""goals"":0,""assists"":0,""rating"":""7.0"",""is_motm"":false},{""date"":""2025-11-03T19:00:00.000Z"",""opponent"":""AGF"",""result"":""1-1"",""is_home"":true,""minutes"":21,""goals"":0,""assists"":0,""rating"":""6.4"",""is_motm"":false},{""date"":""2025-10-30T17:45:00.000Z"",""opponent"":""Silkeborg"",""result"":""4-0"",""is_home"":true,""minutes"":63,""goals"":0,""assists"":0,""rating"":""7.3"",""is_motm"":false},{""date"":""2025-10-26T14:00:00.000Z"",""opponent"":""Fredericia"",""result"":""0-4"",""is_home"":false,""minutes"":90,""goals"":1,""assists"":0,""rating"":""7.3"",""is_motm"":false},{""date"":""2025-10-23T21:00:00.000Z"",""opponent"":""Maccabi Tel Aviv"",""result"":""0-3"",""is_home"":false,""minutes"":45,""goals"":0,""assists"":0,""rating"":""6.2"",""is_motm"":false},{""date"":""2025-10-19T18:00:00.000Z"",""opponent"":""Vejle Boldklub"",""result"":""5-1"",""is_home"":true,""minutes"":30,""goals"":0,""assists"":0,""rating"":""5.7"",""is_motm"":false},{""date"":""2025-10-05T18:00:00.000Z"",""opponent"":""FC København"",""result"":""1-1"",""is_home"":false,""minutes"":45,""goals"":0,""assists"":0,""rating"":""5.8"",""is_motm"":false},{""date"":""2025-10-02T21:00:00.000Z"",""opponent"":""Nottingham Forest"",""result"":""2-3"",""is_home"":false,""minutes"":67,""goals"":0,""assists"":0,""rating"":""6.5"",""is_motm"":false}]",No,,,No,2028-06-30,https://www.fotmob.com/players/1026781
2025-11-18T06:48:10.675Z,2025-11-18,925345,Hyun-Seok Hong,홍현석,Nantes,Ligue 1,Central Midfielder,0,0,0,0,0,0,6,0,0,6.49,0,0,"[{""date"":""2025-11-08T19:00:00.000Z"",""opponent"":""Le Havre"",""result"":""1-1"",""is_home"":false,""minutes"":0,""goals"":0,""assists"":0,""rating"":null,""is_motm"":false},{""date"":""2025-10-19T20:45:00.000Z"",""opponent"":""Lille"",""result"":""0-2"",""is_home"":true,""minutes"":0,""goals"":0,""assists"":0,""rating"":null,""is_motm"":false},{""date"":""2025-10-04T19:00:00.000Z"",""opponent"":""Brest"",""result"":""0-0"",""is_home"":false,""minutes"":87,""goals"":0,""assists"":0,""rating"":""7.0"",""is_motm"":false},{""date"":""2025-09-27T19:00:00.000Z"",""opponent"":""Toulouse"",""result"":""2-2"",""is_home"":false,""minutes"":17,""goals"":0,""assists"":0,""rating"":""6.0"",""is_motm"":false},{""date"":""2025-09-20T17:00:00.000Z"",""opponent"":""Rennes"",""result"":""2-2"",""is_home"":true,""minutes"":0,""goals"":0,""assists"":0,""rating"":null,""is_motm"":false},{""date"":""2025-09-13T17:00:00.000Z"",""opponent"":""Nice"",""result"":""1-0"",""is_home"":false,""minutes"":65,""goals"":0,""assists"":0,""rating"":""6.2"",""is_motm"":false},{""date"":""2025-08-30T19:00:00.000Z"",""opponent"":""Auxerre"",""result"":""1-0"",""is_home"":true,""minutes"":65,""goals"":0,""assists"":0,""rating"":""6.7"",""is_motm"":false},{""date"":""2025-08-24T17:15:00.000Z"",""opponent"":""Strasbourg"",""result"":""1-0"",""is_home"":false,""minutes"":19,""goals"":0,""assists"":0,""rating"":""6.7"",""is_motm"":false},{""date"":""2025-08-17T20:45:00.000Z"",""opponent"":""Paris Saint-Germain"",""result"":""0-1"",""is_home"":true,""minutes"":31,""goals"":0,""assists"":0,""rating"":""6.4"",""is_motm"":false},{""date"":""2025-05-17T15:30:00.000Z"",""opponent"":""Bayer Leverkusen"",""result"":""2-2"",""is_home"":true,""minutes"":1,""goals"":0,""assists"":0,""rating"":null,""is_motm"":false}]",No,,,Yes,2028-06-30,https://www.fotmob.com/players/925345
2025-11-18T06:48:18.389Z,2025-11-18,433677,Ui-Jo Hwang,황의조,Alanyaspor,Super Lig,Attacking Midfielder,0,0,0,0,0,0,11,1,1,6.43,0,0,"[{""date"":""2025-11-08T15:00:00.000Z"",""opponent"":""Trabzonspor"",""result"":""1-1"",""is_home"":false,""minutes"":71,""goals"":0,""assists"":0,""rating"":""6.8"",""is_motm"":false},{""date"":""2025-11-03T18:00:00.000Z"",""opponent"":""Gaziantep FK"",""result"":""0-0"",""is_home"":true,""minutes"":18,""goals"":0,""assists"":0,""rating"":""5.9"",""is_motm"":false},{""date"":""2025-10-29T13:00:00.000Z"",""opponent"":""Bursa Yildirimspor"",""result"":""1-2"",""is_home"":false,""minutes"":10,""goals"":0,""assists"":0,""rating"":null,""is_motm"":false},{""date"":""2025-10-25T16:00:00.000Z"",""opponent"":""Kocaelispor"",""result"":""2-0"",""is_home"":false,""minutes"":60,""goals"":0,""assists"":0,""rating"":""6.0"",""is_motm"":false},{""date"":""2025-10-19T16:00:00.000Z"",""opponent"":""Göztepe"",""result"":""1-0"",""is_home"":true,""minutes"":33,""goals"":0,""assists"":0,""rating"":""6.4"",""is_motm"":false},{""date"":""2025-10-04T13:30:00.000Z"",""opponent"":""Gençlerbirliği"",""result"":""2-2"",""is_home"":false,""minutes"":29,""goals"":1,""assists"":0,""rating"":""7.1"",""is_motm"":false},{""date"":""2025-09-26T19:00:00.000Z"",""opponent"":""Galatasaray"",""result"":""0-1"",""is_home"":true,""minutes"":58,""goals"":0,""assists"":0,""rating"":""6.3"",""is_motm"":false},{""date"":""2025-09-17T19:00:00.000Z"",""opponent"":""Fenerbahçe"",""result"":""2-2"",""is_home"":false,""minutes"":74,""goals"":0,""assists"":1,""rating"":""7.0"",""is_motm"":false},{""date"":""2025-09-13T19:00:00.000Z"",""opponent"":""Konyaspor"",""result"":""1-2"",""is_home"":false,""minutes"":66,""goals"":0,""assists"":0,""rating"":""6.1"",""is_motm"":false},{""date"":""2025-08-31T20:30:00.000Z"",""opponent"":""Beşiktaş"",""result"":""2-0"",""is_home"":true,""minutes"":68,""goals"":0,""assists"":0,""rating"":""7.0"",""is_motm"":false}]",No,,,No,2027-06-30,https://www.fotmob.com/players/433677
2025-11-18T06:48:25.477Z,2025-11-18,1132818,Seol Young-Woo,설영우,FK Crvena Zvezda,Super Liga,Right Back,1,0,0,0,0,0,12,1,4,7.76,1,0,"[{""date"":""2025-11-14T12:00:00.000Z"",""opponent"":""Bolivia"",""result"":""2-0"",""is_home"":true,""minutes"":0,""goals"":0,""assists"":0,""rating"":null,""is_motm"":false},{""date"":""2025-11-09T16:00:00.000Z"",""opponent"":""FK Spartak Subotica"",""result"":""2-3"",""is_home"":false,""minutes"":90,""goals"":0,""assists"":0,""rating"":""7.5"",""is_motm"":false},{""date"":""2025-11-06T18:45:00.000Z"",""opponent"":""Lille"",""result"":""1-0"",""is_home"":true,""minutes"":90,""goals"":0,""assists"":0,""rating"":""7.5"",""is_motm"":false},{""date"":""2025-11-02T17:00:00.000Z"",""opponent"":""FK Radnik Surdulica"",""result"":""1-1"",""is_home"":true,""minutes"":90,""goals"":0,""assists"":0,""rating"":""7.2"",""is_motm"":false},{""date"":""2025-10-30T18:00:00.000Z"",""opponent"":""Vojvodina"",""result"":""3-2"",""is_home"":false,""minutes"":90,""goals"":0,""assists"":1,""rating"":""7.6"",""is_motm"":false},{""date"":""2025-10-26T17:00:00.000Z"",""opponent"":""Radnicki Nis"",""result"":""0-0"",""is_home"":false,""minutes"":90,""goals"":0,""assists"":0,""rating"":""7.9"",""is_motm"":false},{""date"":""2025-10-23T18:45:00.000Z"",""opponent"":""Braga"",""result"":""2-0"",""is_home"":false,""minutes"":90,""goals"":0,""assists"":0,""rating"":""6.4"",""is_motm"":false},{""date"":""2025-10-19T19:30:00.000Z"",""opponent"":""FK IMT Beograd"",""result"":""6-1"",""is_home"":true,""minutes"":90,""goals"":0,""assists"":0,""rating"":""7.7"",""is_motm"":false},{""date"":""2025-10-14T13:00:00.000Z"",""opponent"":""Paraguay"",""result"":""2-0"",""is_home"":true,""minutes"":0,""goals"":0,""assists"":0,""rating"":null,""is_motm"":false},{""date"":""2025-10-10T13:00:00.000Z"",""opponent"":""Brazil"",""result"":""0-5"",""is_home"":true,""minutes"":90,""goals"":0,""assists"":0,""rating"":""4.9"",""is_motm"":false}]",No,,,No,,https://www.fotmob.com/players/1132818
2025-11-18T06:48:33.611Z,2025-11-18,1232560,Hyun-Jun Yang,양현준,Celtic,Premiership,Right Winger,0,0,0,0,0,0,5,0,0,6.69,0,0,"[{""date"":""2025-11-09T17:00:00.000Z"",""opponent"":""Kilmarnock"",""result"":""4-0"",""is_home"":true,""minutes"":12,""goals"":0,""assists"":0,""rating"":""6.9"",""is_motm"":false},{""date"":""2025-11-06T18:45:00.000Z"",""opponent"":""FC Midtjylland"",""result"":""3-1"",""is_home"":false,""minutes"":0,""goals"":0,""assists"":0,""rating"":null,""is_motm"":false},{""date"":""2025-11-02T15:00:00.000Z"",""opponent"":""Rangers"",""result"":""3-1"",""is_home"":true,""minutes"":0,""goals"":0,""assists"":0,""rating"":null,""is_motm"":false},{""date"":""2025-10-23T21:00:00.000Z"",""opponent"":""Sturm Graz"",""result"":""2-1"",""is_home"":true,""minutes"":0,""goals"":0,""assists"":0,""rating"":null,""is_motm"":false},{""date"":""2025-10-19T13:00:00.000Z"",""opponent"":""Dundee FC"",""result"":""2-0"",""is_home"":false,""minutes"":45,""goals"":0,""assists"":0,""rating"":""6.1"",""is_motm"":false},{""date"":""2025-10-02T18:45:00.000Z"",""opponent"":""Braga"",""result"":""0-2"",""is_home"":true,""minutes"":0,""goals"":0,""assists"":0,""rating"":null,""is_motm"":false},{""date"":""2025-09-24T21:00:00.000Z"",""opponent"":""FK Crvena Zvezda"",""result"":""1-1"",""is_home"":false,""minutes"":68,""goals"":0,""assists"":0,""rating"":""6.7"",""is_motm"":false},{""date"":""2025-09-21T16:30:00.000Z"",""opponent"":""Partick Thistle"",""result"":""0-4"",""is_home"":false,""minutes"":90,""goals"":1,""assists"":0,""rating"":null,""is_motm"":false},{""date"":""2025-09-14T16:00:00.000Z"",""opponent"":""Kilmarnock"",""result"":""1-2"",""is_home"":false,""minutes"":2,""goals"":0,""assists"":0,""rating"":null,""is_motm"":false},{""date"":""2025-08-31T13:00:00.000Z"",""opponent"":""Rangers"",""result"":""0-0"",""is_home"":false,""minutes"":0,""goals"":0,""assists"":0,""rating"":null,""is_motm"":false}]",No,,,No,2028-05-31,https://www.fotmob.com/players/1232560
2025-11-18T06:48:41.532Z,2025-11-18,1185902,Jens Castrop,옌스 카스트로프,Borussia Mönchengladbach,Bundesliga,Central Midfielder,1,5,0,0,0,0.06,7,1,0,6.7,1,1,"[{""date"":""2025-11-14T12:00:00.000Z"",""opponent"":""Bolivia"",""result"":""2-0"",""is_home"":true,""minutes"":5,""goals"":0,""assists"":0,""rating"":null,""is_motm"":false},{""date"":""2025-10-28T20:45:00.000Z"",""opponent"":""Karlsruher SC"",""result"":""3-1"",""is_home"":true,""minutes"":17,""goals"":0,""assists"":0,""rating"":""6.0"",""is_motm"":false},{""date"":""2025-10-25T15:45:00.000Z"",""opponent"":""Bayern München"",""result"":""0-3"",""is_home"":true,""minutes"":19,""goals"":0,""assists"":0,""rating"":""5.5"",""is_motm"":false},{""date"":""2025-10-17T20:30:00.000Z"",""opponent"":""Union Berlin"",""result"":""3-1"",""is_home"":false,""minutes"":60,""goals"":0,""assists"":0,""rating"":""6.8"",""is_motm"":false},{""date"":""2025-10-14T13:00:00.000Z"",""opponent"":""Paraguay"",""result"":""2-0"",""is_home"":true,""minutes"":0,""goals"":0,""assists"":0,""rating"":null,""is_motm"":false},{""date"":""2025-10-10T13:00:00.000Z"",""opponent"":""Brazil"",""result"":""0-5"",""is_home"":true,""minutes"":45,""goals"":0,""assists"":0,""rating"":""6.0"",""is_motm"":false},{""date"":""2025-10-05T19:30:00.000Z"",""opponent"":""Freiburg"",""result"":""0-0"",""is_home"":true,""minutes"":90,""goals"":0,""assists"":0,""rating"":""7.3"",""is_motm"":false},{""date"":""2025-09-27T18:30:00.000Z"",""opponent"":""Eintracht Frankfurt"",""result"":""4-6"",""is_home"":true,""minutes"":90,""goals"":1,""assists"":0,""rating"":""8.2"",""is_motm"":false},{""date"":""2025-09-21T17:30:00.000Z"",""opponent"":""Bayer Leverkusen"",""result"":""1-1"",""is_home"":false,""minutes"":72,""goals"":0,""assists"":0,""rating"":""6.5"",""is_motm"":false},{""date"":""2025-09-14T17:30:00.000Z"",""opponent"":""Werder Bremen"",""result"":""0-4"",""is_home"":true,""minutes"":0,""goals"":0,""assists"":0,""rating"":null,""is_motm"":false}]",No,,,No,2029-06-30,https://www.fotmob.com/players/1185902
2025-11-18T06:48:48.315Z,2025-11-18,1085809,Hyeok-Kyu Kwon,권혁규,Nantes,Ligue 1,Central Midfielder,1,0,0,0,0,0,9,0,0,6.31,2,0,"[{""date"":""2025-11-14T12:00:00.000Z"",""opponent"":""Bolivia"",""result"":""2-0"",""is_home"":true,""minutes"":0,""goals"":0,""assists"":0,""rating"":null,""is_motm"":false},{""date"":""2025-11-08T19:00:00.000Z"",""opponent"":""Le Havre"",""result"":""1-1"",""is_home"":false,""minutes"":90,""goals"":0,""assists"":0,""rating"":""6.7"",""is_motm"":false},{""date"":""2025-11-02T17:15:00.000Z"",""opponent"":""Metz"",""result"":""0-2"",""is_home"":true,""minutes"":0,""goals"":0,""assists"":0,""rating"":null,""is_motm"":false},{""date"":""2025-10-29T21:05:00.000Z"",""opponent"":""Monaco"",""result"":""3-5"",""is_home"":true,""minutes"":64,""goals"":0,""assists"":0,""rating"":""6.3"",""is_motm"":false},{""date"":""2025-10-24T20:45:00.000Z"",""opponent"":""Paris FC"",""result"":""1-2"",""is_home"":false,""minutes"":69,""goals"":0,""assists"":0,""rating"":""6.0"",""is_motm"":false},{""date"":""2025-10-19T20:45:00.000Z"",""opponent"":""Lille"",""result"":""0-2"",""is_home"":true,""minutes"":83,""goals"":0,""assists"":0,""rating"":""6.6"",""is_motm"":false},{""date"":""2025-10-04T19:00:00.000Z"",""opponent"":""Brest"",""result"":""0-0"",""is_home"":false,""minutes"":90,""goals"":0,""assists"":0,""rating"":""6.8"",""is_motm"":false},{""date"":""2025-09-27T19:00:00.000Z"",""opponent"":""Toulouse"",""result"":""2-2"",""is_home"":false,""minutes"":6,""goals"":0,""assists"":0,""rating"":null,""is_motm"":false},{""date"":""2025-09-20T17:00:00.000Z"",""opponent"":""Rennes"",""result"":""2-2"",""is_home"":true,""minutes"":0,""goals"":0,""assists"":0,""rating"":null,""is_motm"":false},{""date"":""2025-09-13T17:00:00.000Z"",""opponent"":""Nice"",""result"":""1-0"",""is_home"":false,""minutes"":0,""goals"":0,""assists"":0,""rating"":null,""is_motm"":false}]",No,,,No,2028-06-30,https://www.fotmob.com/players/1085809
2025-11-18T06:48:54.491Z,2025-11-18,1684578,Min-Su Kim,김민수,FC Andorra,LaLiga2,Left Winger,1,90,0,0,7.2,8.2,14,3,3,7.16,4,0,"[{""date"":""2025-11-15T16:00:00.000Z"",""opponent"":""Albacete"",""result"":""1-0"",""is_home"":false,""minutes"":90,""goals"":0,""assists"":0,""rating"":""7.2"",""is_motm"":false},{""date"":""2025-11-08T16:15:00.000Z"",""opponent"":""SD Huesca"",""result"":""2-2"",""is_home"":false,""minutes"":89,""goals"":1,""assists"":0,""rating"":""7.7"",""is_motm"":false},{""date"":""2025-11-02T14:00:00.000Z"",""opponent"":""Cadiz"",""result"":""0-0"",""is_home"":true,""minutes"":90,""goals"":0,""assists"":0,""rating"":""7.0"",""is_motm"":false},{""date"":""2025-10-26T14:00:00.000Z"",""opponent"":""Malaga"",""result"":""4-1"",""is_home"":false,""minutes"":90,""goals"":0,""assists"":0,""rating"":""6.4"",""is_motm"":false},{""date"":""2025-10-17T20:30:00.000Z"",""opponent"":""Granada"",""result"":""0-0"",""is_home"":true,""minutes"":86,""goals"":0,""assists"":0,""rating"":""6.5"",""is_motm"":false},{""date"":""2025-10-11T18:30:00.000Z"",""opponent"":""Real Sociedad B"",""result"":""3-0"",""is_home"":false,""minutes"":90,""goals"":0,""assists"":0,""rating"":""7.0"",""is_motm"":false},{""date"":""2025-10-04T18:30:00.000Z"",""opponent"":""Leganes"",""result"":""1-2"",""is_home"":true,""minutes"":79,""goals"":0,""assists"":0,""rating"":""6.4"",""is_motm"":false},{""date"":""2025-09-27T18:30:00.000Z"",""opponent"":""Racing Santander"",""result"":""1-2"",""is_home"":false,""minutes"":90,""goals"":0,""assists"":1,""rating"":""7.9"",""is_motm"":false},{""date"":""2025-09-20T18:30:00.000Z"",""opponent"":""CD Mirandes"",""result"":""1-1"",""is_home"":true,""minutes"":90,""goals"":0,""assists"":0,""rating"":""7.6"",""is_motm"":false},{""date"":""2025-09-14T14:00:00.000Z"",""opponent"":""Cordoba"",""result"":""3-1"",""is_home"":true,""minutes"":90,""goals"":1,""assists"":0,""rating"":""8.5"",""is_motm"":false}]",No,,,Yes,2027-06-30,https://www.fotmob.com/players/1684578
2025-11-18T06:49:01.845Z,2025-11-18,1044299,Hyun Gyu Oh,오현규,Genk,Belgian Pro League,Striker,1,0,0,0,0,0,13,5,2,6.95,0,0,"[{""date"":""2025-11-14T12:00:00.000Z"",""opponent"":""Bolivia"",""result"":""2-0"",""is_home"":true,""minutes"":0,""goals"":0,""assists"":0,""rating"":null,""is_motm"":false},{""date"":""2025-11-09T18:30:00.000Z"",""opponent"":""Gent"",""result"":""1-1"",""is_home"":false,""minutes"":74,""goals"":1,""assists"":0,""rating"":""7.3"",""is_motm"":false},{""date"":""2025-11-06T21:00:00.000Z"",""opponent"":""Braga"",""result"":""3-4"",""is_home"":false,""minutes"":77,""goals"":1,""assists"":0,""rating"":""7.7"",""is_motm"":false},{""date"":""2025-11-02T13:30:00.000Z"",""opponent"":""Westerlo"",""result"":""0-1"",""is_home"":false,""minutes"":72,""goals"":1,""assists"":0,""rating"":""8.1"",""is_motm"":false},{""date"":""2025-10-29T20:30:00.000Z"",""opponent"":""RWDM Brussels"",""result"":""3-0"",""is_home"":true,""minutes"":90,""goals"":0,""assists"":0,""rating"":null,""is_motm"":false},{""date"":""2025-10-26T18:30:00.000Z"",""opponent"":""RAAL La Louviere"",""result"":""1-1"",""is_home"":true,""minutes"":32,""goals"":0,""assists"":0,""rating"":""6.2"",""is_motm"":false},{""date"":""2025-10-23T18:45:00.000Z"",""opponent"":""Real Betis"",""result"":""0-0"",""is_home"":true,""minutes"":83,""goals"":0,""assists"":0,""rating"":""6.5"",""is_motm"":false},{""date"":""2025-10-19T13:30:00.000Z"",""opponent"":""Cercle Brugge"",""result"":""2-2"",""is_home"":false,""minutes"":89,""goals"":1,""assists"":1,""rating"":""8.1"",""is_motm"":false},{""date"":""2025-10-14T13:00:00.000Z"",""opponent"":""Paraguay"",""result"":""2-0"",""is_home"":true,""minutes"":45,""goals"":1,""assists"":0,""rating"":""7.7"",""is_motm"":true},{""date"":""2025-10-10T13:00:00.000Z"",""opponent"":""Brazil"",""result"":""0-5"",""is_home"":true,""minutes"":27,""goals"":0,""assists"":0,""rating"":""6.3"",""is_motm"":false}]",No,,,No,2028-06-30,https://www.fotmob.com/players/1044299
2025-11-18T06:49:08.553Z,2025-11-18,848102,Seung-Ho Paik,백승호,Birmingham City,Championship,Defensive Midfielder,0,0,0,0,0,0,15,3,0,7.2,3,0,"[{""date"":""2025-11-08T16:00:00.000Z"",""opponent"":""Middlesbrough"",""result"":""2-1"",""is_home"":false,""minutes"":5,""goals"":0,""assists"":0,""rating"":null,""is_motm"":false},{""date"":""2025-11-04T20:45:00.000Z"",""opponent"":""Millwall"",""result"":""4-0"",""is_home"":true,""minutes"":90,""goals"":1,""assists"":0,""rating"":""8.5"",""is_motm"":false},{""date"":""2025-11-01T16:00:00.000Z"",""opponent"":""Portsmouth"",""result"":""4-0"",""is_home"":true,""minutes"":90,""goals"":1,""assists"":0,""rating"":""8.1"",""is_motm"":false},{""date"":""2025-10-25T16:00:00.000Z"",""opponent"":""Bristol City"",""result"":""1-0"",""is_home"":false,""minutes"":90,""goals"":0,""assists"":0,""rating"":""6.9"",""is_motm"":false},{""date"":""2025-10-21T20:45:00.000Z"",""opponent"":""Preston North End"",""result"":""0-1"",""is_home"":false,""minutes"":90,""goals"":0,""assists"":0,""rating"":""7.1"",""is_motm"":false},{""date"":""2025-10-18T16:00:00.000Z"",""opponent"":""Hull City"",""result"":""2-3"",""is_home"":true,""minutes"":84,""goals"":0,""assists"":0,""rating"":""6.7"",""is_motm"":false},{""date"":""2025-10-14T13:00:00.000Z"",""opponent"":""Paraguay"",""result"":""2-0"",""is_home"":true,""minutes"":0,""goals"":0,""assists"":0,""rating"":null,""is_motm"":false},{""date"":""2025-10-10T13:00:00.000Z"",""opponent"":""Brazil"",""result"":""0-5"",""is_home"":true,""minutes"":76,""goals"":0,""assists"":0,""rating"":""6.4"",""is_motm"":false},{""date"":""2025-10-03T21:00:00.000Z"",""opponent"":""Wrexham"",""result"":""1-1"",""is_home"":false,""minutes"":90,""goals"":0,""assists"":0,""rating"":""7.4"",""is_motm"":false},{""date"":""2025-09-30T20:45:00.000Z"",""opponent"":""Sheffield Wednesday"",""result"":""2-2"",""is_home"":true,""minutes"":32,""goals"":0,""assists"":0,""rating"":""6.3"",""is_motm"":false}]",Yes,Shoulder injury,Mid December 2025,No,2028-06-30,https://www.fotmob.com/players/848102
2025-11-18T06:49:16.799Z,2025-11-18,1109166,Sang-Bin Jeong,정상빈,St. Louis City,Major League Soccer,Right Winger,0,0,0,0,0,0,24,1,1,6.35,2,0,"[{""date"":""2025-10-19T03:00:00.000Z"",""opponent"":""Real Salt Lake"",""result"":""2-2"",""is_home"":true,""minutes"":65,""goals"":0,""assists"":0,""rating"":""7.3"",""is_motm"":false},{""date"":""2025-10-14T13:00:00.000Z"",""opponent"":""Paraguay"",""result"":""2-0"",""is_home"":true,""minutes"":0,""goals"":0,""assists"":0,""rating"":null,""is_motm"":false},{""date"":""2025-10-10T13:00:00.000Z"",""opponent"":""Brazil"",""result"":""0-5"",""is_home"":true,""minutes"":0,""goals"":0,""assists"":0,""rating"":null,""is_motm"":false},{""date"":""2025-10-05T02:30:00.000Z"",""opponent"":""Austin FC"",""result"":""1-3"",""is_home"":false,""minutes"":64,""goals"":0,""assists"":0,""rating"":""6.9"",""is_motm"":false},{""date"":""2025-09-28T02:30:00.000Z"",""opponent"":""Los Angeles FC"",""result"":""0-3"",""is_home"":true,""minutes"":65,""goals"":0,""assists"":0,""rating"":""5.8"",""is_motm"":false},{""date"":""2025-09-14T01:30:00.000Z"",""opponent"":""CF Montreal"",""result"":""0-2"",""is_home"":false,""minutes"":61,""goals"":0,""assists"":0,""rating"":""7.2"",""is_motm"":false},{""date"":""2025-09-10T03:30:00.000Z"",""opponent"":""Mexico"",""result"":""2-2"",""is_home"":false,""minutes"":17,""goals"":0,""assists"":0,""rating"":""6.5"",""is_motm"":false},{""date"":""2025-09-06T23:00:00.000Z"",""opponent"":""USA"",""result"":""0-2"",""is_home"":false,""minutes"":7,""goals"":0,""assists"":0,""rating"":null,""is_motm"":false},{""date"":""2025-08-31T02:30:00.000Z"",""opponent"":""Houston Dynamo FC"",""result"":""2-3"",""is_home"":true,""minutes"":80,""goals"":0,""assists"":0,""rating"":""6.4"",""is_motm"":false},{""date"":""2025-08-24T03:30:00.000Z"",""opponent"":""Vancouver Whitecaps"",""result"":""3-2"",""is_home"":false,""minutes"":83,""goals"":0,""assists"":1,""rating"":""7.3"",""is_motm"":false}]",No,,,No,2026-12-31,https://www.fotmob.com/players/1109166
2025-11-18T06:49:25.167Z,2025-11-18,1384003,Jeong Ho-Yeon,정호연,Minnesota United,Major League Soccer,Central Midfielder,0,0,0,0,0,0,4,0,0,6.06,0,0,"[{""date"":""2025-06-29T01:30:00.000Z"",""opponent"":""New York Red Bulls"",""result"":""2-2"",""is_home"":false,""minutes"":0,""goals"":0,""assists"":0,""rating"":null,""is_motm"":false},{""date"":""2025-06-26T02:30:00.000Z"",""opponent"":""Houston Dynamo FC"",""result"":""3-1"",""is_home"":true,""minutes"":0,""goals"":0,""assists"":0,""rating"":null,""is_motm"":false},{""date"":""2025-06-15T02:30:00.000Z"",""opponent"":""San Diego FC"",""result"":""2-4"",""is_home"":true,""minutes"":1,""goals"":0,""assists"":0,""rating"":null,""is_motm"":false},{""date"":""2025-06-02T00:00:00.000Z"",""opponent"":""Seattle Sounders FC"",""result"":""2-3"",""is_home"":false,""minutes"":0,""goals"":0,""assists"":0,""rating"":null,""is_motm"":false},{""date"":""2025-05-29T04:30:00.000Z"",""opponent"":""Vancouver Whitecaps"",""result"":""0-0"",""is_home"":false,""minutes"":0,""goals"":0,""assists"":0,""rating"":null,""is_motm"":false},{""date"":""2025-05-22T01:30:00.000Z"",""opponent"":""St. Louis City"",""result"":""3-2"",""is_home"":true,""minutes"":79,""goals"":0,""assists"":0,""rating"":""7.4"",""is_motm"":false},{""date"":""2025-05-18T02:30:00.000Z"",""opponent"":""St. Louis City"",""result"":""3-0"",""is_home"":true,""minutes"":6,""goals"":0,""assists"":0,""rating"":null,""is_motm"":false},{""date"":""2025-05-15T02:30:00.000Z"",""opponent"":""Houston Dynamo FC"",""result"":""2-0"",""is_home"":false,""minutes"":64,""goals"":0,""assists"":0,""rating"":""6.2"",""is_motm"":false},{""date"":""2025-05-10T22:30:00.000Z"",""opponent"":""Inter Miami CF"",""result"":""4-1"",""is_home"":true,""minutes"":0,""goals"":0,""assists"":0,""rating"":null,""is_motm"":false},{""date"":""2025-05-08T01:30:00.000Z"",""opponent"":""Louisville City FC"",""result"":""0-1"",""is_home"":false,""minutes"":90,""goals"":0,""assists"":0,""rating"":""7.5"",""is_motm"":false}]",No,,,No,,https://www.fotmob.com/players/1384003
2025-11-18T06:49:32.970Z,2025-11-18,949673,Woo-Yeong Jeong,정우영,Union Berlin,Bundesliga,Attacking Midfielder,0,0,0,0,0,0,8,0,0,6.24,0,0,"[{""date"":""2025-11-08T15:30:00.000Z"",""opponent"":""Bayern München"",""result"":""2-2"",""is_home"":true,""minutes"":12,""goals"":0,""assists"":0,""rating"":""6.1"",""is_motm"":false},{""date"":""2025-11-01T15:30:00.000Z"",""opponent"":""Freiburg"",""result"":""0-0"",""is_home"":true,""minutes"":0,""goals"":0,""assists"":0,""rating"":null,""is_motm"":false},{""date"":""2025-10-29T20:45:00.000Z"",""opponent"":""Arminia Bielefeld"",""result"":""2-1"",""is_home"":true,""minutes"":60,""goals"":0,""assists"":0,""rating"":""6.4"",""is_motm"":false},{""date"":""2025-10-24T20:30:00.000Z"",""opponent"":""Werder Bremen"",""result"":""1-0"",""is_home"":false,""minutes"":11,""goals"":0,""assists"":0,""rating"":""6.3"",""is_motm"":false},{""date"":""2025-10-17T20:30:00.000Z"",""opponent"":""Borussia Mönchengladbach"",""result"":""3-1"",""is_home"":true,""minutes"":21,""goals"":0,""assists"":0,""rating"":""6.4"",""is_motm"":false},{""date"":""2025-10-04T15:30:00.000Z"",""opponent"":""Bayer Leverkusen"",""result"":""2-0"",""is_home"":false,""minutes"":64,""goals"":0,""assists"":0,""rating"":""6.0"",""is_motm"":false},{""date"":""2025-09-28T19:30:00.000Z"",""opponent"":""Hamburger SV"",""result"":""0-0"",""is_home"":true,""minutes"":1,""goals"":0,""assists"":0,""rating"":null,""is_motm"":false},{""date"":""2025-09-21T15:30:00.000Z"",""opponent"":""Eintracht Frankfurt"",""result"":""3-4"",""is_home"":false,""minutes"":9,""goals"":0,""assists"":0,""rating"":null,""is_motm"":false},{""date"":""2025-09-13T15:30:00.000Z"",""opponent"":""Hoffenheim"",""result"":""2-4"",""is_home"":true,""minutes"":17,""goals"":0,""assists"":0,""rating"":""6.6"",""is_motm"":false},{""date"":""2025-08-31T17:30:00.000Z"",""opponent"":""Borussia Dortmund"",""result"":""3-0"",""is_home"":false,""minutes"":26,""goals"":0,""assists"":0,""rating"":""6.1"",""is_motm"":false}]",No,,,No,,https://www.fotmob.com/players/949673
2025-11-18T06:49:40.019Z,2025-11-18,1613077,Do-Young Yoon,윤도영,Excelsior,Eredivisie,Right Winger,0,0,0,0,0,0,5,1,0,6.46,0,0,"[{""date"":""2025-11-08T16:30:00.000Z"",""opponent"":""Heracles"",""result"":""1-2"",""is_home"":true,""minutes"":6,""goals"":0,""assists"":0,""rating"":null,""is_motm"":false},{""date"":""2025-11-01T21:00:00.000Z"",""opponent"":""Telstar"",""result"":""2-2"",""is_home"":false,""minutes"":0,""goals"":0,""assists"":0,""rating"":null,""is_motm"":false},{""date"":""2025-10-29T21:10:00.000Z"",""opponent"":""Excelsior Maassluis"",""result"":""1-0"",""is_home"":false,""minutes"":73,""goals"":0,""assists"":0,""rating"":""6.1"",""is_motm"":false},{""date"":""2025-10-26T20:00:00.000Z"",""opponent"":""Go Ahead Eagles"",""result"":""2-0"",""is_home"":false,""minutes"":0,""goals"":0,""assists"":0,""rating"":null,""is_motm"":false},{""date"":""2025-10-19T14:30:00.000Z"",""opponent"":""Fortuna Sittard"",""result"":""1-0"",""is_home"":true,""minutes"":0,""goals"":0,""assists"":0,""rating"":null,""is_motm"":false},{""date"":""2025-10-04T21:00:00.000Z"",""opponent"":""SC Heerenveen"",""result"":""2-1"",""is_home"":false,""minutes"":0,""goals"":0,""assists"":0,""rating"":null,""is_motm"":false},{""date"":""2025-09-27T20:00:00.000Z"",""opponent"":""PSV Eindhoven"",""result"":""1-2"",""is_home"":true,""minutes"":0,""goals"":0,""assists"":0,""rating"":null,""is_motm"":false},{""date"":""2025-09-20T16:30:00.000Z"",""opponent"":""FC Volendam"",""result"":""1-2"",""is_home"":false,""minutes"":0,""goals"":0,""assists"":0,""rating"":null,""is_motm"":false},{""date"":""2025-09-14T12:15:00.000Z"",""opponent"":""Sparta Rotterdam"",""result"":""0-1"",""is_home"":true,""minutes"":13,""goals"":0,""assists"":0,""rating"":""6.2"",""is_motm"":false},{""date"":""2025-08-30T21:00:00.000Z"",""opponent"":""FC Twente"",""result"":""1-0"",""is_home"":true,""minutes"":0,""goals"":0,""assists"":0,""rating"":null,""is_motm"":false}]",No,,,Yes,,https://www.fotmob.com/players/1613077
2025-11-18T06:49:48.120Z,2025-11-18,1656881,Park Seung-Soo,박승수,Newcastle United U21,Premier League 2,Left Winger,1,90,0,0,6.1,7.1,6,0,0,6.67,0,0,"[{""date"":""2025-11-11T20:45:00.000Z"",""opponent"":""Harrogate Town"",""result"":""3-1"",""is_home"":false,""minutes"":90,""goals"":0,""assists"":0,""rating"":""6.1"",""is_motm"":false},{""date"":""2025-11-08T14:00:00.000Z"",""opponent"":""Burnley U21"",""result"":""3-2"",""is_home"":true,""minutes"":26,""goals"":0,""assists"":0,""rating"":null,""is_motm"":false},{""date"":""2025-11-05T16:00:00.000Z"",""opponent"":""Athletic Bilbao U19"",""result"":""2-3"",""is_home"":true,""minutes"":90,""goals"":0,""assists"":0,""rating"":null,""is_motm"":false},{""date"":""2025-10-31T20:00:00.000Z"",""opponent"":""Ipswich Town U21"",""result"":""1-0"",""is_home"":false,""minutes"":90,""goals"":0,""assists"":0,""rating"":""5.9"",""is_motm"":false},{""date"":""2025-10-27T20:00:00.000Z"",""opponent"":""Crystal Palace U21"",""result"":""0-2"",""is_home"":false,""minutes"":82,""goals"":0,""assists"":0,""rating"":""6.9"",""is_motm"":false},{""date"":""2025-10-21T15:00:00.000Z"",""opponent"":""Benfica U19"",""result"":""1-5"",""is_home"":true,""minutes"":61,""goals"":0,""assists"":0,""rating"":null,""is_motm"":false},{""date"":""2025-10-15T20:45:00.000Z"",""opponent"":""Mansfield Town"",""result"":""2-2"",""is_home"":false,""minutes"":90,""goals"":0,""assists"":1,""rating"":""8.0"",""is_motm"":false},{""date"":""2025-10-08T20:00:00.000Z"",""opponent"":""Boston United"",""result"":""1-3"",""is_home"":false,""minutes"":70,""goals"":0,""assists"":1,""rating"":""7.8"",""is_motm"":false},{""date"":""2025-10-01T14:30:00.000Z"",""opponent"":""Union St.Gilloise U19"",""result"":""2-0"",""is_home"":false,""minutes"":45,""goals"":0,""assists"":0,""rating"":""6.8"",""is_motm"":false},{""date"":""2025-09-18T16:00:00.000Z"",""opponent"":""Barcelona U19"",""result"":""2-3"",""is_home"":true,""minutes"":21,""goals"":0,""assists"":0,""rating"":""6.0"",""is_motm"":false}]",No,,,No,,https://www.fotmob.com/players/1656881
2025-11-18T06:49:55.308Z,2025-11-18,1107283,Ji-Sung Eom,엄지성,Swansea City,Championship,Left Winger,1,14,0,0,6.4,6.56,14,1,1,6.61,0,0,"[{""date"":""2025-11-14T12:00:00.000Z"",""opponent"":""Bolivia"",""result"":""2-0"",""is_home"":true,""minutes"":14,""goals"":0,""assists"":0,""rating"":""6.4"",""is_motm"":false},{""date"":""2025-11-08T16:00:00.000Z"",""opponent"":""Ipswich Town"",""result"":""1-4"",""is_home"":true,""minutes"":25,""goals"":0,""assists"":0,""rating"":""6.5"",""is_motm"":false},{""date"":""2025-11-05T20:45:00.000Z"",""opponent"":""Preston North End"",""result"":""2-1"",""is_home"":false,""minutes"":15,""goals"":1,""assists"":0,""rating"":""7.3"",""is_motm"":false},{""date"":""2025-11-01T16:00:00.000Z"",""opponent"":""Charlton Athletic"",""result"":""1-1"",""is_home"":false,""minutes"":65,""goals"":0,""assists"":0,""rating"":""7.0"",""is_motm"":false},{""date"":""2025-10-29T20:45:00.000Z"",""opponent"":""Manchester City"",""result"":""1-3"",""is_home"":true,""minutes"":0,""goals"":0,""assists"":0,""rating"":null,""is_motm"":false},{""date"":""2025-10-25T16:00:00.000Z"",""opponent"":""Norwich City"",""result"":""2-1"",""is_home"":true,""minutes"":74,""goals"":0,""assists"":1,""rating"":""7.4"",""is_motm"":false},{""date"":""2025-10-22T20:45:00.000Z"",""opponent"":""Queens Park Rangers"",""result"":""0-1"",""is_home"":true,""minutes"":73,""goals"":0,""assists"":0,""rating"":""6.3"",""is_motm"":false},{""date"":""2025-10-18T13:30:00.000Z"",""opponent"":""Southampton"",""result"":""0-0"",""is_home"":false,""minutes"":19,""goals"":0,""assists"":0,""rating"":""6.2"",""is_motm"":false},{""date"":""2025-10-14T13:00:00.000Z"",""opponent"":""Paraguay"",""result"":""2-0"",""is_home"":true,""minutes"":66,""goals"":1,""assists"":0,""rating"":""7.5"",""is_motm"":false},{""date"":""2025-10-10T13:00:00.000Z"",""opponent"":""Brazil"",""result"":""0-5"",""is_home"":true,""minutes"":0,""goals"":0,""assists"":0,""rating"":null,""is_motm"":false}]",No,,,No,2028-06-30,https://www.fotmob.com/players/1107283
2025-11-18T06:50:02.226Z,2025-11-18,1232253,Han-Beom Lee,이한범,FC Midtjylland,Superligaen,Center Back,1,0,0,0,0,0,12,0,1,7.02,1,0,"[{""date"":""2025-11-14T12:00:00.000Z"",""opponent"":""Bolivia"",""result"":""2-0"",""is_home"":true,""minutes"":0,""goals"":0,""assists"":0,""rating"":null,""is_motm"":false},{""date"":""2025-11-09T16:00:00.000Z"",""opponent"":""Randers FC"",""result"":""0-2"",""is_home"":false,""minutes"":90,""goals"":0,""assists"":0,""rating"":""7.8"",""is_motm"":false},{""date"":""2025-11-06T18:45:00.000Z"",""opponent"":""Celtic"",""result"":""3-1"",""is_home"":true,""minutes"":90,""goals"":0,""assists"":0,""rating"":""7.1"",""is_motm"":false},{""date"":""2025-11-03T19:00:00.000Z"",""opponent"":""AGF"",""result"":""1-1"",""is_home"":true,""minutes"":0,""goals"":0,""assists"":0,""rating"":null,""is_motm"":false},{""date"":""2025-10-30T17:45:00.000Z"",""opponent"":""Silkeborg"",""result"":""4-0"",""is_home"":true,""minutes"":90,""goals"":0,""assists"":0,""rating"":""8.2"",""is_motm"":false},{""date"":""2025-10-26T14:00:00.000Z"",""opponent"":""Fredericia"",""result"":""0-4"",""is_home"":false,""minutes"":90,""goals"":0,""assists"":0,""rating"":""7.2"",""is_motm"":false},{""date"":""2025-10-23T21:00:00.000Z"",""opponent"":""Maccabi Tel Aviv"",""result"":""0-3"",""is_home"":false,""minutes"":5,""goals"":0,""assists"":0,""rating"":null,""is_motm"":false},{""date"":""2025-10-19T18:00:00.000Z"",""opponent"":""Vejle Boldklub"",""result"":""5-1"",""is_home"":true,""minutes"":90,""goals"":0,""assists"":0,""rating"":""7.2"",""is_motm"":false},{""date"":""2025-10-14T13:00:00.000Z"",""opponent"":""Paraguay"",""result"":""2-0"",""is_home"":true,""minutes"":45,""goals"":0,""assists"":0,""rating"":""6.5"",""is_motm"":false},{""date"":""2025-10-10T13:00:00.000Z"",""opponent"":""Brazil"",""result"":""0-5"",""is_home"":true,""minutes"":0,""goals"":0,""assists"":0,""rating"":null,""is_motm"":false}]",No,,,No,2027-06-30,https://www.fotmob.com/players/1232253
2025-11-18T06:50:09.731Z,2025-11-18,1107251,Tae-Seok Lee,이태석,Austria Wien,Bundesliga,Left Back,1,14,0,0,6,6.16,12,1,0,7.32,3,0,"[{""date"":""2025-11-14T12:00:00.000Z"",""opponent"":""Bolivia"",""result"":""2-0"",""is_home"":true,""minutes"":14,""goals"":0,""assists"":0,""rating"":""6.0"",""is_motm"":false},{""date"":""2025-11-08T17:00:00.000Z"",""opponent"":""Grazer AK"",""result"":""2-1"",""is_home"":true,""minutes"":90,""goals"":0,""assists"":0,""rating"":""7.8"",""is_motm"":false},{""date"":""2025-11-01T17:00:00.000Z"",""opponent"":""Hartberg"",""result"":""2-1"",""is_home"":false,""minutes"":78,""goals"":0,""assists"":0,""rating"":""6.9"",""is_motm"":false},{""date"":""2025-10-26T17:00:00.000Z"",""opponent"":""Salzburg"",""result"":""0-3"",""is_home"":true,""minutes"":90,""goals"":0,""assists"":0,""rating"":""7.0"",""is_motm"":false},{""date"":""2025-10-18T17:00:00.000Z"",""opponent"":""WSG Tirol"",""result"":""2-3"",""is_home"":false,""minutes"":90,""goals"":0,""assists"":0,""rating"":""7.7"",""is_motm"":false},{""date"":""2025-10-14T13:00:00.000Z"",""opponent"":""Paraguay"",""result"":""2-0"",""is_home"":true,""minutes"":3,""goals"":0,""assists"":0,""rating"":null,""is_motm"":false},{""date"":""2025-10-10T13:00:00.000Z"",""opponent"":""Brazil"",""result"":""0-5"",""is_home"":true,""minutes"":90,""goals"":0,""assists"":0,""rating"":""4.4"",""is_motm"":false},{""date"":""2025-10-04T17:00:00.000Z"",""opponent"":""BW Linz"",""result"":""0-1"",""is_home"":true,""minutes"":90,""goals"":0,""assists"":0,""rating"":""7.6"",""is_motm"":false},{""date"":""2025-09-28T17:00:00.000Z"",""opponent"":""Rapid Wien"",""result"":""1-3"",""is_home"":false,""minutes"":90,""goals"":1,""assists"":0,""rating"":""8.4"",""is_motm"":false},{""date"":""2025-09-20T17:00:00.000Z"",""opponent"":""Ried"",""result"":""3-2"",""is_home"":true,""minutes"":90,""goals"":0,""assists"":0,""rating"":""7.6"",""is_motm"":false}]",No,,,No,2029-06-30,https://www.fotmob.com/players/1107251
2025-11-18T06:50:17.231Z,2025-11-18,1328820,Hyun-Ju Lee,이현주,Arouca,Liga Portugal,Attacking Midfielder,0,0,0,0,0,0,9,0,2,6.57,1,0,"[{""date"":""2025-11-07T21:15:00.000Z"",""opponent"":""Estoril"",""result"":""4-3"",""is_home"":false,""minutes"":84,""goals"":0,""assists"":0,""rating"":""6.1"",""is_motm"":false},{""date"":""2025-11-02T19:00:00.000Z"",""opponent"":""Moreirense"",""result"":""0-2"",""is_home"":true,""minutes"":90,""goals"":0,""assists"":0,""rating"":""6.8"",""is_motm"":false},{""date"":""2025-10-25T21:30:00.000Z"",""opponent"":""Benfica"",""result"":""5-0"",""is_home"":false,""minutes"":45,""goals"":0,""assists"":0,""rating"":""6.5"",""is_motm"":false},{""date"":""2025-10-18T17:30:00.000Z"",""opponent"":""Portimonense"",""result"":""1-2"",""is_home"":false,""minutes"":0,""goals"":0,""assists"":0,""rating"":null,""is_motm"":false},{""date"":""2025-09-20T16:30:00.000Z"",""opponent"":""Nacional"",""result"":""1-2"",""is_home"":false,""minutes"":62,""goals"":0,""assists"":0,""rating"":""6.0"",""is_motm"":false},{""date"":""2025-09-14T19:00:00.000Z"",""opponent"":""Casa Pia AC"",""result"":""0-2"",""is_home"":true,""minutes"":45,""goals"":0,""assists"":0,""rating"":""5.9"",""is_motm"":false},{""date"":""2025-08-30T19:00:00.000Z"",""opponent"":""Vitoria de Guimaraes"",""result"":""1-1"",""is_home"":false,""minutes"":76,""goals"":0,""assists"":0,""rating"":""6.4"",""is_motm"":false},{""date"":""2025-08-23T21:30:00.000Z"",""opponent"":""Rio Ave"",""result"":""3-3"",""is_home"":true,""minutes"":90,""goals"":0,""assists"":1,""rating"":""7.7"",""is_motm"":false},{""date"":""2025-08-17T21:30:00.000Z"",""opponent"":""Sporting CP"",""result"":""6-0"",""is_home"":false,""minutes"":45,""goals"":0,""assists"":0,""rating"":""5.8"",""is_motm"":false},{""date"":""2025-08-09T21:30:00.000Z"",""opponent"":""AVS Futebol SAD"",""result"":""3-1"",""is_home"":true,""minutes"":87,""goals"":0,""assists"":1,""rating"":""8.1"",""is_motm"":false}]",No,,,No,,https://www.fotmob.com/players/1328820
2025-11-18T06:50:24.766Z,2025-11-18,1341538,Ji-Soo Kim,김지수,Kaiserslautern,2. Bundesliga,Center Back,0,0,0,0,0,0,10,0,0,6.66,1,0,"[{""date"":""2025-11-02T13:30:00.000Z"",""opponent"":""Fortuna Düsseldorf"",""result"":""1-1"",""is_home"":false,""minutes"":11,""goals"":0,""assists"":0,""rating"":""6.0"",""is_motm"":false},{""date"":""2025-10-18T13:00:00.000Z"",""opponent"":""Karlsruher SC"",""result"":""2-3"",""is_home"":false,""minutes"":56,""goals"":0,""assists"":0,""rating"":""6.7"",""is_motm"":false},{""date"":""2025-10-14T13:00:00.000Z"",""opponent"":""Paraguay"",""result"":""2-0"",""is_home"":true,""minutes"":0,""goals"":0,""assists"":0,""rating"":null,""is_motm"":false},{""date"":""2025-10-10T13:00:00.000Z"",""opponent"":""Brazil"",""result"":""0-5"",""is_home"":true,""minutes"":0,""goals"":0,""assists"":0,""rating"":null,""is_motm"":false},{""date"":""2025-10-04T13:00:00.000Z"",""opponent"":""Bochum"",""result"":""3-2"",""is_home"":true,""minutes"":90,""goals"":0,""assists"":0,""rating"":""6.8"",""is_motm"":false},{""date"":""2025-09-27T13:00:00.000Z"",""opponent"":""Paderborn"",""result"":""2-0"",""is_home"":false,""minutes"":90,""goals"":0,""assists"":0,""rating"":""6.7"",""is_motm"":false},{""date"":""2025-09-19T18:30:00.000Z"",""opponent"":""Preussen Münster"",""result"":""4-1"",""is_home"":true,""minutes"":90,""goals"":0,""assists"":0,""rating"":""7.6"",""is_motm"":false},{""date"":""2025-09-14T13:30:00.000Z"",""opponent"":""Greuther Fürth"",""result"":""0-3"",""is_home"":false,""minutes"":90,""goals"":0,""assists"":0,""rating"":""7.4"",""is_motm"":false},{""date"":""2025-08-31T13:30:00.000Z"",""opponent"":""Darmstadt"",""result"":""3-1"",""is_home"":true,""minutes"":75,""goals"":0,""assists"":0,""rating"":""6.3"",""is_motm"":false},{""date"":""2025-08-22T18:30:00.000Z"",""opponent"":""Elversberg"",""result"":""2-1"",""is_home"":false,""minutes"":90,""goals"":0,""assists"":0,""rating"":""6.1"",""is_motm"":false}]",No,,,Yes,2027-06-30,https://www.fotmob.com/players/1341538
2025-11-18T06:50:31.695Z,2025-11-18,1238478,Young-Jun Lee,이영준,Grasshopper,Super League,Striker,0,0,0,0,0,0,4,1,1,6.84,0,0,"[{""date"":""2025-09-27T18:00:00.000Z"",""opponent"":""Lugano"",""result"":""2-1"",""is_home"":false,""minutes"":53,""goals"":0,""assists"":0,""rating"":""6.6"",""is_motm"":false},{""date"":""2025-09-21T17:00:00.000Z"",""opponent"":""Bellinzona"",""result"":""0-1"",""is_home"":false,""minutes"":0,""goals"":0,""assists"":0,""rating"":null,""is_motm"":false},{""date"":""2025-09-14T16:30:00.000Z"",""opponent"":""Lausanne"",""result"":""3-1"",""is_home"":true,""minutes"":25,""goals"":1,""assists"":0,""rating"":""7.3"",""is_motm"":false},{""date"":""2025-08-30T18:00:00.000Z"",""opponent"":""Thun"",""result"":""1-1"",""is_home"":false,""minutes"":25,""goals"":0,""assists"":1,""rating"":""6.9"",""is_motm"":false},{""date"":""2025-08-24T14:00:00.000Z"",""opponent"":""Winterthur"",""result"":""2-2"",""is_home"":true,""minutes"":53,""goals"":0,""assists"":0,""rating"":""6.5"",""is_motm"":false},{""date"":""2025-08-17T16:00:00.000Z"",""opponent"":""FC Lachen/Altendorf"",""result"":""0-2"",""is_home"":false,""minutes"":1,""goals"":0,""assists"":0,""rating"":null,""is_motm"":false},{""date"":""2025-08-12T18:00:00.000Z"",""opponent"":""Bayern München"",""result"":""1-2"",""is_home"":true,""minutes"":30,""goals"":0,""assists"":0,""rating"":""6.2"",""is_motm"":false},{""date"":""2025-05-27T20:30:00.000Z"",""opponent"":""Aarau"",""result"":""4-0"",""is_home"":true,""minutes"":27,""goals"":1,""assists"":0,""rating"":""7.7"",""is_motm"":false},{""date"":""2025-05-22T20:30:00.000Z"",""opponent"":""St. Gallen"",""result"":""2-0"",""is_home"":true,""minutes"":76,""goals"":1,""assists"":0,""rating"":""8.3"",""is_motm"":false},{""date"":""2025-05-17T20:30:00.000Z"",""opponent"":""Sion"",""result"":""2-1"",""is_home"":false,""minutes"":15,""goals"":0,""assists"":0,""rating"":""5.9"",""is_motm"":false}]",Yes,Knock,Unknown,No,2028-06-30,https://www.fotmob.com/players/1238478
2025-11-18T06:50:39.617Z,2025-11-18,1136002,Young-Joon Goh,고영준,Górnik Zabrze,Ekstraklasa,midfielder,0,0,0,0,0,0,6,0,2,6.67,0,0,"[{""date"":""2025-11-07T20:30:00.000Z"",""opponent"":""Zagłębie Lubin"",""result"":""2-0"",""is_home"":false,""minutes"":0,""goals"":0,""assists"":0,""rating"":null,""is_motm"":false},{""date"":""2025-11-02T12:15:00.000Z"",""opponent"":""Arka Gdynia"",""result"":""5-1"",""is_home"":true,""minutes"":0,""goals"":0,""assists"":0,""rating"":null,""is_motm"":false},{""date"":""2025-10-26T17:30:00.000Z"",""opponent"":""Jagiellonia Bialystok"",""result"":""2-1"",""is_home"":true,""minutes"":0,""goals"":0,""assists"":0,""rating"":null,""is_motm"":false},{""date"":""2025-10-18T14:45:00.000Z"",""opponent"":""Korona Kielce"",""result"":""1-1"",""is_home"":false,""minutes"":0,""goals"":0,""assists"":0,""rating"":null,""is_motm"":false},{""date"":""2025-10-05T20:15:00.000Z"",""opponent"":""Legia Warszawa"",""result"":""3-1"",""is_home"":true,""minutes"":0,""goals"":0,""assists"":0,""rating"":null,""is_motm"":false},{""date"":""2025-09-27T20:15:00.000Z"",""opponent"":""Cracovia"",""result"":""1-1"",""is_home"":false,""minutes"":9,""goals"":0,""assists"":0,""rating"":null,""is_motm"":false},{""date"":""2025-09-21T17:30:00.000Z"",""opponent"":""Widzew Łódź"",""result"":""3-2"",""is_home"":true,""minutes"":45,""goals"":0,""assists"":0,""rating"":""7.0"",""is_motm"":false},{""date"":""2025-09-15T19:00:00.000Z"",""opponent"":""Raków Częstochowa"",""result"":""0-1"",""is_home"":false,""minutes"":22,""goals"":0,""assists"":0,""rating"":""6.3"",""is_motm"":false},{""date"":""2025-08-30T20:15:00.000Z"",""opponent"":""Motor Lublin"",""result"":""0-1"",""is_home"":true,""minutes"":0,""goals"":0,""assists"":0,""rating"":null,""is_motm"":false},{""date"":""2025-08-23T20:15:00.000Z"",""opponent"":""GKS Katowice"",""result"":""3-0"",""is_home"":true,""minutes"":0,""goals"":0,""assists"":0,""rating"":null,""is_motm"":false}]",No,,,No,2028-06-30,https://www.fotmob.com/players/1136002
2025-11-18T06:50:46.653Z,2025-11-18,1388929,Kim-Yong Hak,김용학,Portimonense,Liga Portugal 2,forward,0,0,0,0,0,0,6,0,0,0,1,0,"[{""date"":""2025-09-14T12:00:00.000Z"",""opponent"":""Sporting CP B"",""result"":""1-2"",""is_home"":true,""minutes"":0,""goals"":0,""assists"":0,""rating"":null,""is_motm"":false},{""date"":""2025-08-30T19:00:00.000Z"",""opponent"":""Benfica B"",""result"":""1-2"",""is_home"":false,""minutes"":0,""goals"":0,""assists"":0,""rating"":null,""is_motm"":false},{""date"":""2025-08-15T19:00:00.000Z"",""opponent"":""Feirense"",""result"":""4-1"",""is_home"":false,""minutes"":0,""goals"":0,""assists"":0,""rating"":null,""is_motm"":false},{""date"":""2025-07-17T21:00:00.000Z"",""opponent"":""Fenerbahçe"",""result"":""1-2"",""is_home"":true,""minutes"":80,""goals"":0,""assists"":0,""rating"":""7.2"",""is_motm"":false},{""date"":""2025-05-16T21:30:00.000Z"",""opponent"":""Alverca"",""result"":""2-1"",""is_home"":false,""minutes"":20,""goals"":0,""assists"":0,""rating"":null,""is_motm"":false},{""date"":""2025-05-11T19:00:00.000Z"",""opponent"":""FC Porto B"",""result"":""0-3"",""is_home"":true,""minutes"":0,""goals"":0,""assists"":0,""rating"":null,""is_motm"":false},{""date"":""2025-04-27T15:00:00.000Z"",""opponent"":""Tondela"",""result"":""2-2"",""is_home"":true,""minutes"":0,""goals"":0,""assists"":0,""rating"":null,""is_motm"":false},{""date"":""2025-04-18T15:00:00.000Z"",""opponent"":""Pacos de Ferreira"",""result"":""2-0"",""is_home"":true,""minutes"":7,""goals"":0,""assists"":0,""rating"":null,""is_motm"":false},{""date"":""2025-04-06T16:30:00.000Z"",""opponent"":""Oliveirense"",""result"":""2-3"",""is_home"":true,""minutes"":0,""goals"":0,""assists"":0,""rating"":null,""is_motm"":false},{""date"":""2025-03-29T16:30:00.000Z"",""opponent"":""Vizela"",""result"":""3-2"",""is_home"":false,""minutes"":3,""goals"":0,""assists"":0,""rating"":null,""is_motm"":false}]",No,,,No,,https://www.fotmob.com/players/1388929